Company,Job Title,Job Id,url,Date Created,Last Date Accessed,Last Date Checked
Google,"Software Engineer, Kids Account Lifecycle, Early Career, People with Disabilities — Google Careers",116988127729328838,https://www.google.com/about/careers/applications/jobs/results/116988127729328838-software-engineer-kids-account-lifecycle-early-career-people-with-disabilities?degree=BACHELORS&q=Software%20Engineer&employment_type=FULL_TIME&sort_by=date&has_remote=true&target_level=EARLY&target_level=MID&page=1,2024-08-01 20:08,2024-08-06 22:44,2024-08-06 22:44
Google,"Security Engineer, Detection Engineering, Mandiant — Google Careers",76124005794226886,https://www.google.com/about/careers/applications/jobs/results/76124005794226886-security-engineer-detection-engineering-mandiant?degree=BACHELORS&q=Software%20Engineer&employment_type=FULL_TIME&sort_by=date&has_remote=true&target_level=EARLY&target_level=MID&page=1,2024-07-30 23:24,2024-08-06 22:44,2024-08-06 22:44
Google,"Senior Software Engineer, Embedded Graphics Drivers — Google Careers",122691185289372358,https://www.google.com/about/careers/applications/jobs/results/122691185289372358-senior-software-engineer-embedded-graphics-drivers?degree=BACHELORS&q=Software%20Engineer&employment_type=FULL_TIME&sort_by=date&has_remote=true&target_level=EARLY&target_level=MID&page=1,2024-07-30 23:24,2024-08-06 22:44,2024-08-06 22:44
Google,"Senior Software Developer, Machine Learning, Google Cloud Platforms — Google Careers",143115543971275462,https://www.google.com/about/careers/applications/jobs/results/143115543971275462-senior-software-developer-machine-learning-google-cloud-platforms?degree=BACHELORS&q=Software%20Engineer&employment_type=FULL_TIME&sort_by=date&has_remote=true&target_level=EARLY&target_level=MID&page=1,2024-07-30 23:24,2024-08-06 22:44,2024-08-06 22:44
Google,"Software Engineer III, Machine Learning, Search — Google Careers",76880059557651142,https://www.google.com/about/careers/applications/jobs/results/76880059557651142-software-engineer-iii-machine-learning-search?degree=BACHELORS&q=Software%20Engineer&employment_type=FULL_TIME&sort_by=date&target_level=EARLY&target_level=MID&location=New%20York%2C%20NY%2C%20USA&page=1,2024-08-06 22:44,2024-08-06 22:44,2024-08-06 22:44
Google,"Technical Program Manager II, Software Engineering, Search — Google Careers",126773599754166982,https://www.google.com/about/careers/applications/jobs/results/126773599754166982-technical-program-manager-ii-software-engineering-search?degree=BACHELORS&q=Software%20Engineer&employment_type=FULL_TIME&sort_by=date&target_level=EARLY&target_level=MID&location=New%20York%2C%20NY%2C%20USA&page=1,2024-08-06 22:44,2024-08-06 22:44,2024-08-06 22:44
Google,"Product Manager II, Ads — Google Careers",83843350783763142,https://www.google.com/about/careers/applications/jobs/results/83843350783763142-product-manager-ii-ads?degree=BACHELORS&q=Software%20Engineer&employment_type=FULL_TIME&sort_by=date&target_level=EARLY&target_level=MID&location=New%20York%2C%20NY%2C%20USA&page=1,2024-08-05 18:57,2024-08-06 22:44,2024-08-06 22:44
Google,"Silicon Design Verification Engineer, Devices and Services — Google Careers",97413264521994950,https://www.google.com/about/careers/applications/jobs/results/97413264521994950-silicon-design-verification-engineer-devices-and-services?degree=BACHELORS&q=Software%20Engineer&employment_type=FULL_TIME&sort_by=date&target_level=EARLY&target_level=MID&location=New%20York%2C%20NY%2C%20USA&page=1,2024-08-01 20:08,2024-08-06 22:44,2024-08-06 22:44
Google,"Technical Writer, Chrome Developer Relations — Google Careers",73123080469127878,https://www.google.com/about/careers/applications/jobs/results/73123080469127878-technical-writer-chrome-developer-relations?degree=BACHELORS&q=Software%20Engineer&employment_type=FULL_TIME&sort_by=date&target_level=EARLY&target_level=MID&location=New%20York%2C%20NY%2C%20USA&page=1,2024-07-30 23:24,2024-08-06 22:44,2024-08-06 22:44
Google,"Security Researcher, Device Wireless Connectivity — Google Careers",95917266477949638,https://www.google.com/about/careers/applications/jobs/results/95917266477949638-security-researcher-device-wireless-connectivity?degree=BACHELORS&q=Software%20Engineer&employment_type=FULL_TIME&sort_by=date&target_level=EARLY&target_level=MID&location=New%20York%2C%20NY%2C%20USA&page=1,2024-07-30 23:24,2024-08-06 22:44,2024-08-06 22:44
Google,"Interaction Designer, Google Photos — Google Careers",117019039951135430,https://www.google.com/about/careers/applications/jobs/results/117019039951135430-interaction-designer-google-photos?degree=BACHELORS&q=Software%20Engineer&employment_type=FULL_TIME&sort_by=date&target_level=EARLY&target_level=MID&location=New%20York%2C%20NY%2C%20USA&page=1,2024-07-30 23:24,2024-08-06 22:44,2024-08-06 22:44
Google,"Field Sales Representative, Growth, Startups, Google Cloud — Google Careers",78433108524704454,https://www.google.com/about/careers/applications/jobs/results/78433108524704454-field-sales-representative-growth-startups-google-cloud?degree=BACHELORS&q=Software%20Engineer&employment_type=FULL_TIME&sort_by=date&target_level=EARLY&target_level=MID&location=New%20York%2C%20NY%2C%20USA&page=1,2024-07-30 23:24,2024-08-06 22:44,2024-08-06 22:44
Google,"Senior Video Editing Software Engineer, Google Photos — Google Careers",139411215947309766,https://www.google.com/about/careers/applications/jobs/results/139411215947309766-senior-video-editing-software-engineer-google-photos?degree=BACHELORS&q=Software%20Engineer&employment_type=FULL_TIME&sort_by=date&target_level=EARLY&target_level=MID&location=New%20York%2C%20NY%2C%20USA&page=1,2024-07-30 23:24,2024-08-06 22:44,2024-08-06 22:44
Google,"Software Engineer III, Mobile (iOS), Search — Google Careers",130577993396298438,https://www.google.com/about/careers/applications/jobs/results/130577993396298438-software-engineer-iii-mobile-ios-search?degree=BACHELORS&q=Software%20Engineer&employment_type=FULL_TIME&sort_by=date&target_level=EARLY&target_level=MID&location=New%20York%2C%20NY%2C%20USA&page=1,2024-08-05 18:57,2024-08-06 22:44,2024-08-06 22:44
Google,"Technical Program Manager III, Text-to-Speech, Assistant — Google Careers",107002019528483526,https://www.google.com/about/careers/applications/jobs/results/107002019528483526-technical-program-manager-iii-texttospeech-assistant?degree=BACHELORS&q=Software%20Engineer&employment_type=FULL_TIME&sort_by=date&target_level=EARLY&target_level=MID&location=New%20York%2C%20NY%2C%20USA&page=1,2024-08-01 20:08,2024-08-06 22:44,2024-08-06 22:44
Google,"Product Manager I, Ads — Google Careers",111647177586942662,https://www.google.com/about/careers/applications/jobs/results/111647177586942662-product-manager-i-ads?degree=BACHELORS&q=Software%20Engineer&employment_type=FULL_TIME&sort_by=date&target_level=EARLY&target_level=MID&location=New%20York%2C%20NY%2C%20USA&page=1,2024-07-30 23:24,2024-08-06 22:44,2024-08-06 22:44
Google,"Brand Designer, Google Cloud, Marketing — Google Careers",106166236877857478,https://www.google.com/about/careers/applications/jobs/results/106166236877857478-brand-designer-google-cloud-marketing?degree=BACHELORS&q=Software%20Engineer&employment_type=FULL_TIME&sort_by=date&target_level=EARLY&target_level=MID&location=New%20York%2C%20NY%2C%20USA&page=1,2024-07-30 23:24,2024-08-06 22:44,2024-08-06 22:44
Google,"Software Engineer III, Infrastructure, Google Cloud Security and Privacy — Google Careers",86608868682932934,https://www.google.com/about/careers/applications/jobs/results/86608868682932934-software-engineer-iii-infrastructure-google-cloud-security-and-privacy?degree=BACHELORS&q=Software%20Engineer&employment_type=FULL_TIME&sort_by=date&target_level=EARLY&target_level=MID&location=New%20York%2C%20NY%2C%20USA&page=1,2024-08-05 18:57,2024-08-06 22:44,2024-08-06 22:44
Google,"Technical Program Manager III, Engineering Operations, Search — Google Careers",114148754914714310,https://www.google.com/about/careers/applications/jobs/results/114148754914714310-technical-program-manager-iii-engineering-operations-search?degree=BACHELORS&q=Software%20Engineer&employment_type=FULL_TIME&sort_by=date&target_level=EARLY&target_level=MID&location=New%20York%2C%20NY%2C%20USA&page=1,2024-07-31 21:07,2024-08-06 22:44,2024-08-06 22:44
Google,"Product Manager II, Google Assistant — Google Careers",138690165898912454,https://www.google.com/about/careers/applications/jobs/results/138690165898912454-product-manager-ii-google-assistant?degree=BACHELORS&q=Software%20Engineer&employment_type=FULL_TIME&sort_by=date&target_level=EARLY&target_level=MID&location=New%20York%2C%20NY%2C%20USA&page=1,2024-07-30 23:24,2024-08-06 22:44,2024-08-06 22:44
Google,"Senior Software Engineer, Infrastructure, Google Cloud Storage — Google Careers",116613400422687430,https://www.google.com/about/careers/applications/jobs/results/116613400422687430-senior-software-engineer-infrastructure-google-cloud-storage?degree=BACHELORS&q=Software%20Engineer&employment_type=FULL_TIME&sort_by=date&target_level=EARLY&target_level=MID&location=New%20York%2C%20NY%2C%20USA&page=1,2024-08-01 20:08,2024-08-06 22:44,2024-08-06 22:44
Google,"Technical Program Manager I, Scaled Reliability Services, Google Search — Google Careers",98403051814953670,https://www.google.com/about/careers/applications/jobs/results/98403051814953670-technical-program-manager-i-scaled-reliability-services-google-search?degree=BACHELORS&q=Software%20Engineer&employment_type=FULL_TIME&sort_by=date&target_level=EARLY&target_level=MID&location=New%20York%2C%20NY%2C%20USA&page=1,2024-07-30 23:24,2024-08-06 22:44,2024-08-06 22:44
Google,"Senior Software Engineer, Engineering Productivity, Search — Google Careers",132749901791404742,https://www.google.com/about/careers/applications/jobs/results/132749901791404742-senior-software-engineer-engineering-productivity-search?degree=BACHELORS&q=Software%20Engineer&employment_type=FULL_TIME&sort_by=date&target_level=EARLY&target_level=MID&location=New%20York%2C%20NY%2C%20USA&page=1,2024-08-01 20:08,2024-08-06 22:44,2024-08-06 22:44
Google,"Technical Program Manager II, New Product Introduction, Data Centers — Google Careers",103250596718355142,https://www.google.com/about/careers/applications/jobs/results/103250596718355142-technical-program-manager-ii-new-product-introduction-data-centers?degree=BACHELORS&q=Software%20Engineer&employment_type=FULL_TIME&sort_by=date&target_level=EARLY&target_level=MID&location=New%20York%2C%20NY%2C%20USA&page=1,2024-07-30 23:24,2024-08-06 22:44,2024-08-06 22:44
Google,"Senior Software Engineer, Machine Learning, Geo — Google Careers",99389298712683206,https://www.google.com/about/careers/applications/jobs/results/99389298712683206-senior-software-engineer-machine-learning-geo?degree=BACHELORS&q=Software%20Engineer&employment_type=FULL_TIME&sort_by=date&target_level=EARLY&target_level=MID&location=New%20York%2C%20NY%2C%20USA&page=2,2024-07-30 23:24,2024-08-06 22:44,2024-08-06 22:44
Google,"Technical Program Manager III, Software Development, Privacy Sandbox — Google Careers",110942384929284806,https://www.google.com/about/careers/applications/jobs/results/110942384929284806-technical-program-manager-iii-software-development-privacy-sandbox?degree=BACHELORS&q=Software%20Engineer&employment_type=FULL_TIME&sort_by=date&target_level=EARLY&target_level=MID&location=New%20York%2C%20NY%2C%20USA&page=2,2024-07-30 23:24,2024-08-06 22:44,2024-08-06 22:44
Google,"Software Engineer III, Infrastructure, Google Workspace — Google Careers",127713807823708870,https://www.google.com/about/careers/applications/jobs/results/127713807823708870-software-engineer-iii-infrastructure-google-workspace?degree=BACHELORS&q=Software%20Engineer&employment_type=FULL_TIME&sort_by=date&target_level=EARLY&target_level=MID&location=New%20York%2C%20NY%2C%20USA&page=2,2024-07-31 21:07,2024-08-06 22:44,2024-08-06 22:44
Google,"Technical Program Manager III, Software Engineering, Search — Google Careers",140160937385435846,https://www.google.com/about/careers/applications/jobs/results/140160937385435846-technical-program-manager-iii-software-engineering-search?degree=BACHELORS&q=Software%20Engineer&employment_type=FULL_TIME&sort_by=date&target_level=EARLY&target_level=MID&location=New%20York%2C%20NY%2C%20USA&page=2,2024-07-30 23:24,2024-08-06 22:44,2024-08-06 22:44
Google,"Developer Relations Engineer III, Android AR — Google Careers",96086178951766726,https://www.google.com/about/careers/applications/jobs/results/96086178951766726-developer-relations-engineer-iii-android-ar?degree=BACHELORS&q=Software%20Engineer&employment_type=FULL_TIME&sort_by=date&target_level=EARLY&target_level=MID&location=New%20York%2C%20NY%2C%20USA&page=2,2024-07-30 23:24,2024-08-06 22:44,2024-08-06 22:44
Google,"Senior Developer Relations Engineer, Android, Passkeys Authentication — Google Careers",130033373362954950,https://www.google.com/about/careers/applications/jobs/results/130033373362954950-senior-developer-relations-engineer-android-passkeys-authentication?degree=BACHELORS&q=Software%20Engineer&employment_type=FULL_TIME&sort_by=date&target_level=EARLY&target_level=MID&location=New%20York%2C%20NY%2C%20USA&page=2,2024-07-30 23:24,2024-08-06 22:44,2024-08-06 22:44
Google,"Senior Software Engineer, Machine Learning, Android — Google Careers",87778027567489734,https://www.google.com/about/careers/applications/jobs/results/87778027567489734-senior-software-engineer-machine-learning-android?degree=BACHELORS&q=Software%20Engineer&employment_type=FULL_TIME&sort_by=date&target_level=EARLY&target_level=MID&location=New%20York%2C%20NY%2C%20USA&page=2,2024-07-30 23:24,2024-08-06 22:44,2024-08-06 22:44
Google,"Software Engineer III, Machine Learning, Google Research — Google Careers",130715460139131590,https://www.google.com/about/careers/applications/jobs/results/130715460139131590-software-engineer-iii-machine-learning-google-research?degree=BACHELORS&q=Software%20Engineer&employment_type=FULL_TIME&sort_by=date&target_level=EARLY&target_level=MID&location=New%20York%2C%20NY%2C%20USA&page=2,2024-07-30 23:24,2024-08-06 22:44,2024-08-06 22:44
Google,"Data Engineer, Data Science, Google Customer Solutions — Google Careers",76053160845550278,https://www.google.com/about/careers/applications/jobs/results/76053160845550278-data-engineer-data-science-google-customer-solutions?degree=BACHELORS&q=Software%20Engineer&employment_type=FULL_TIME&sort_by=date&target_level=EARLY&target_level=MID&location=New%20York%2C%20NY%2C%20USA&page=2,2024-07-30 23:24,2024-08-06 22:44,2024-08-06 22:44
Google,"Software Engineer III, Infrastructure, Google Cloud Networking — Google Careers",95294377772884678,https://www.google.com/about/careers/applications/jobs/results/95294377772884678-software-engineer-iii-infrastructure-google-cloud-networking?degree=BACHELORS&q=Software%20Engineer&employment_type=FULL_TIME&sort_by=date&target_level=EARLY&target_level=MID&location=New%20York%2C%20NY%2C%20USA&page=2,2024-07-30 23:24,2024-08-06 22:44,2024-08-06 22:44
Google,"Software Engineer III, Engineering Productivity, Google Ads — Google Careers",78568223699542726,https://www.google.com/about/careers/applications/jobs/results/78568223699542726-software-engineer-iii-engineering-productivity-google-ads?degree=BACHELORS&q=Software%20Engineer&employment_type=FULL_TIME&sort_by=date&target_level=EARLY&target_level=MID&location=New%20York%2C%20NY%2C%20USA&page=2,2024-07-30 23:24,2024-08-06 22:44,2024-08-06 22:44
Google,"Software Engineer III, Machine Learning, Google Ads — Google Careers",130946730028868294,https://www.google.com/about/careers/applications/jobs/results/130946730028868294-software-engineer-iii-machine-learning-google-ads?degree=BACHELORS&q=Software%20Engineer&employment_type=FULL_TIME&sort_by=date&target_level=EARLY&target_level=MID&location=New%20York%2C%20NY%2C%20USA&page=2,2024-07-30 23:24,2024-08-06 22:44,2024-08-06 22:44
Google,"Senior Software Engineer, Machine Learning, Google Assistant — Google Careers",117604885100143302,https://www.google.com/about/careers/applications/jobs/results/117604885100143302-senior-software-engineer-machine-learning-google-assistant?degree=BACHELORS&q=Software%20Engineer&employment_type=FULL_TIME&sort_by=date&target_level=EARLY&target_level=MID&location=New%20York%2C%20NY%2C%20USA&page=2,2024-07-30 23:24,2024-08-06 22:44,2024-08-06 22:44
Google,"Senior Software Engineer, Generative AI, Google Workspace — Google Careers",135448443232363206,https://www.google.com/about/careers/applications/jobs/results/135448443232363206-senior-software-engineer-generative-ai-google-workspace?degree=BACHELORS&q=Software%20Engineer&employment_type=FULL_TIME&sort_by=date&target_level=EARLY&target_level=MID&location=New%20York%2C%20NY%2C%20USA&page=2,2024-07-30 23:24,2024-08-06 22:44,2024-08-06 22:44
Google,"Senior Software Developer, Machine Learning, Google Cloud Platforms — Google Careers",143115543971275462,https://www.google.com/about/careers/applications/jobs/results/143115543971275462-senior-software-developer-machine-learning-google-cloud-platforms?degree=BACHELORS&q=Software%20Engineer&employment_type=FULL_TIME&sort_by=date&target_level=EARLY&target_level=MID&location=New%20York%2C%20NY%2C%20USA&page=2,2024-07-30 23:24,2024-08-06 22:44,2024-08-06 22:44
Google,"Senior Software Engineer, Infrastructure, Google Assistant — Google Careers",138086511466685126,https://www.google.com/about/careers/applications/jobs/results/138086511466685126-senior-software-engineer-infrastructure-google-assistant?degree=BACHELORS&q=Software%20Engineer&employment_type=FULL_TIME&sort_by=date&target_level=EARLY&target_level=MID&location=New%20York%2C%20NY%2C%20USA&page=2,2024-07-30 23:24,2024-08-06 22:44,2024-08-06 22:44
Google,"Senior Software Engineer, Machine Learning, Gemini — Google Careers",82328078201561798,https://www.google.com/about/careers/applications/jobs/results/82328078201561798-senior-software-engineer-machine-learning-gemini?degree=BACHELORS&q=Software%20Engineer&employment_type=FULL_TIME&sort_by=date&target_level=EARLY&target_level=MID&location=New%20York%2C%20NY%2C%20USA&page=2,2024-07-30 23:24,2024-08-06 22:44,2024-08-06 22:44
Google,"Senior Software Engineer, Infrastructure, Google Cloud NetInfra — Google Careers",137876357955625670,https://www.google.com/about/careers/applications/jobs/results/137876357955625670-senior-software-engineer-infrastructure-google-cloud-netinfra?degree=BACHELORS&q=Software%20Engineer&employment_type=FULL_TIME&sort_by=date&target_level=EARLY&target_level=MID&location=New%20York%2C%20NY%2C%20USA&page=2,2024-07-30 23:24,2024-08-06 22:44,2024-08-06 22:44
